insert into provision_company(pc_no, pc_name, pc_zipcode, pc_address, pc_phone) values
(1, '알럽소프트', '32421', '경기도 부천시 계산동', '02-930-4551'),
(2, '인디넷', '32421', '경기도 수원시 제포동', '032-579-4512'),
(3, '참빛소프트', '32421', '경기도 파주군 은빛아파트', '032-501-4503'),
(4, '소프트마켓', '32421', '서울시 광진구 자양동', '02-802-4564'),
(5, '크라이스', '32421', '경기도 고양시 대자동 서영아파트', '032-659-3215'),
(6, '프로그램캠프', '32421', '경기도 부천시 오정구', '032-340-6451');

select * from provision_company;

insert into software_group values
(1, '게임'),
(2, '사무'),
(3, '그래픽');

select * from software_group;

insert into software(sw_no, sg_no, sw_name, sw_quantity,sw_supply_price, sw_sell_price, pc_no) values
(1, 1, '바람의 제국', 100, 25000, 40000, 1),
(2, 2, '국제무역', 100, 30000, 48000, 2),
(3, 1, 'FIFA2018', 100, 27000, 40500, 3),
(4, 1, '삼국지', 100, 32000, 48000, 4),
(5, 1, '아마겟돈', 100, 35000, 50750, 5),
(6, 2, '한컴오피스', 100, 1370000, 1918000, 6),
(7, 3, '포토샵', 100, 980000, 1519000, 3),
(8, 3, '오토캐드2018', 100, 2340000, 3978000, 4),
(9, 3, '인디자인', 100, 1380000, 2180400, 1),
(10, 2, 'Windows10', 100, 2470000, 3334500, 2);

select * from software;


insert into customer values
(1, 'cid1', 'cpwd1', '재밌는 게임방', 'cid1@emailcom', '34223', '서울시 동대문구 연희동', '02-112-1122'),
(2, 'cid2', 'cpwd2', '좋은게임방', 'cid2@emailcom', '64223', '서울시 관악구 봉천동', '02-222-2233'),
(3, 'cid3', 'cpwd3', '친구게임방', 'cid3@emailcom', '94673', '천안시 동남구 신부동', '041-643-8854'),
(4, 'cid4', 'cpwd4', '충청남도교육청', 'cid4@emailcom', '49871', '대전광역시 중구 과례2길', '042-734-7347'),
(5, 'cid5', 'cpwd5', '대전광역시교육청', 'cid5@emailcom', '49634', '대전광역시 서구 향촌길', '042-345-8343'),
(6, 'cid6', 'cpwd6', '아산시스템', 'cid6@emailcom', '43273', '충청남도 아산시 배방면', '041-436-7232');

select * from customer;

/* 
 매출금 = 주문 수량 * 판매가격 
 미수금 = 결제 수단이 무통장일 경우
 공급금액 = 주문수량 * 공급가격
 판매금액 = 주문수량 * 판매가격
 판매이윤 = 판매금액 - 공급금액
 
 세금 = 판매금액 * 0.1
 총납품금액 = 판매금액 + 세금
 */

(select sw_supply_price from software where sw_no = 1);